ID,TIMESTAMP
0,2025-08-10T08:00:05
1,2025-08-10T08:00:11
2,2025-08-10T08:00:17
3,2025-08-10T08:00:23
4,2025-08-10T08:00:30
5,2025-08-10T08:00:35
6,2025-08-10T08:00:42
7,2025-08-10T08:00:48
8,2025-08-10T08:00:53
9,2025-08-10T08:00:59
10,2025-08-10T08:01:05
11,2025-08-10T08:01:11
12,2025-08-10T08:01:17
13,2025-08-10T08:01:23
14,2025-08-10T08:01:29
15,2025-08-10T08:01:35
16,2025-08-10T08:01:41
17,2025-08-10T08:01:47
18,2025-08-10T08:01:53
19,2025-08-10T08:01:59
20,2025-08-10T08:02:05
21,2025-08-10T08:02:11
22,2025-08-10T08:02:17
23,2025-08-10T08:02:23
24,2025-08-10T08:02:30
25,2025-08-10T08:02:36
26,2025-08-10T08:02:41
27,2025-08-10T08:02:47
28,2025-08-10T08:02:53
29,2025-08-10T08:02:59
30,2025-08-10T08:03:05
31,2025-08-10T08:03:11
32,2025-08-10T08:03:17
33,2025-08-10T08:03:23
34,2025-08-10T08:03:29
35,2025-08-10T08:03:35
36,2025-08-10T08:03:42
37,2025-08-10T08:03:47
38,2025-08-10T08:03:53
39,2025-08-10T08:03:59
40,2025-08-10T08:04:06
41,2025-08-10T08:04:11
42,2025-08-10T08:04:17
43,2025-08-10T08:04:23
44,2025-08-10T08:04:28
45,2025-08-10T08:04:35
46,2025-08-10T08:04:40
47,2025-08-10T08:04:46
48,2025-08-10T08:04:52
49,2025-08-10T08:04:57
50,2025-08-10T08:05:04
51,2025-08-10T08:05:09
52,2025-08-10T08:05:16
53,2025-08-10T08:05:22
54,2025-08-10T08:05:28
55,2025-08-10T08:05:33
56,2025-08-10T08:05:39
57,2025-08-10T08:05:45
58,2025-08-10T08:05:51
59,2025-08-10T08:05:58
60,2025-08-10T08:06:03
61,2025-08-10T08:06:10
62,2025-08-10T08:06:16
63,2025-08-10T08:06:22
64,2025-08-10T08:06:28
65,2025-08-10T08:06:34
66,2025-08-10T08:06:41
67,2025-08-10T08:06:47
68,2025-08-10T08:06:53
69,2025-08-10T08:06:59
70,2025-08-10T08:07:06
71,2025-08-10T08:07:12
72,2025-08-10T08:07:19
73,2025-08-10T08:07:25
74,2025-08-10T08:07:31
75,2025-08-10T08:07:36
76,2025-08-10T08:07:43
77,2025-08-10T08:07:48
78,2025-08-10T08:07:54
79,2025-08-10T08:08:01
80,2025-08-10T08:08:06
81,2025-08-10T08:08:13
82,2025-08-10T08:08:19
83,2025-08-10T08:08:25
84,2025-08-10T08:08:32
85,2025-08-10T08:08:38
86,2025-08-10T08:08:43
87,2025-08-10T08:08:50
88,2025-08-10T08:08:56
89,2025-08-10T08:09:02
90,2025-08-10T08:09:07
91,2025-08-10T08:09:13
92,2025-08-10T08:09:19
93,2025-08-10T08:09:25
94,2025-08-10T08:09:31
95,2025-08-10T08:09:37
96,2025-08-10T08:09:42
97,2025-08-10T08:09:48
98,2025-08-10T08:09:54
99,2025-08-10T08:10:00
100,2025-08-10T08:10:06
101,2025-08-10T08:10:11
102,2025-08-10T08:10:17
103,2025-08-10T08:10:23
104,2025-08-10T08:10:29
105,2025-08-10T08:10:35
106,2025-08-10T08:10:41
107,2025-08-10T08:10:48
108,2025-08-10T08:10:54
109,2025-08-10T08:11:00
110,2025-08-10T08:11:05
111,2025-08-10T08:11:11
112,2025-08-10T08:11:17
113,2025-08-10T08:11:23
114,2025-08-10T08:11:29
115,2025-08-10T08:11:35
116,2025-08-10T08:11:41
117,2025-08-10T08:11:47
118,2025-08-10T08:11:53
119,2025-08-10T08:11:59
120,2025-08-10T08:12:05
121,2025-08-10T08:12:11
122,2025-08-10T08:12:17
123,2025-08-10T08:12:23
124,2025-08-10T08:12:29
125,2025-08-10T08:12:36
126,2025-08-10T08:12:41
127,2025-08-10T08:12:47
128,2025-08-10T08:12:53
129,2025-08-10T08:12:59
130,2025-08-10T08:13:05
131,2025-08-10T08:13:11
132,2025-08-10T08:13:17
133,2025-08-10T08:13:23
134,2025-08-10T08:13:29
135,2025-08-10T08:13:34
136,2025-08-10T08:13:40
137,2025-08-10T08:13:47
138,2025-08-10T08:13:53
139,2025-08-10T08:13:59
140,2025-08-10T08:14:04
141,2025-08-10T08:14:11
142,2025-08-10T08:14:16
143,2025-08-10T08:14:23
144,2025-08-10T08:14:28
145,2025-08-10T08:14:34
146,2025-08-10T08:14:39
147,2025-08-10T08:14:46
148,2025-08-10T08:14:52
149,2025-08-10T08:14:57
150,2025-08-10T08:15:03
151,2025-08-10T08:15:09
152,2025-08-10T08:15:15
153,2025-08-10T08:15:21
154,2025-08-10T08:15:27
155,2025-08-10T08:15:33
156,2025-08-10T08:15:39
157,2025-08-10T08:15:45
158,2025-08-10T08:15:51
159,2025-08-10T08:15:57
160,2025-08-10T08:16:03
161,2025-08-10T08:16:09
162,2025-08-10T08:16:15
163,2025-08-10T08:16:21
164,2025-08-10T08:16:28
165,2025-08-10T08:16:34
166,2025-08-10T08:16:40
167,2025-08-10T08:16:46
168,2025-08-10T08:16:52
169,2025-08-10T08:16:58
170,2025-08-10T08:17:04
171,2025-08-10T08:17:10
172,2025-08-10T08:17:17
173,2025-08-10T08:17:22
174,2025-08-10T08:17:28
175,2025-08-10T08:17:34
176,2025-08-10T08:17:40
177,2025-08-10T08:17:46
178,2025-08-10T08:17:52
179,2025-08-10T08:17:58
180,2025-08-10T08:18:04
181,2025-08-10T08:18:10
182,2025-08-10T08:18:15
183,2025-08-10T08:18:21
184,2025-08-10T08:18:27
185,2025-08-10T08:18:33
186,2025-08-10T08:18:39
187,2025-08-10T08:18:44
188,2025-08-10T08:18:50
189,2025-08-10T08:18:57
190,2025-08-10T08:19:03
191,2025-08-10T08:19:09
192,2025-08-10T08:19:15
193,2025-08-10T08:19:21
194,2025-08-10T08:19:26
195,2025-08-10T08:19:32
196,2025-08-10T08:19:38
197,2025-08-10T08:19:44
198,2025-08-10T08:19:50
199,2025-08-10T08:19:56
200,2025-08-10T08:20:03
201,2025-08-10T08:20:08
202,2025-08-10T08:20:14
203,2025-08-10T08:20:20
204,2025-08-10T08:20:26
205,2025-08-10T08:20:32
206,2025-08-10T08:20:38
207,2025-08-10T08:20:43
208,2025-08-10T08:20:49
209,2025-08-10T08:20:55
210,2025-08-10T08:21:01
211,2025-08-10T08:21:07
212,2025-08-10T08:21:13
213,2025-08-10T08:21:19
214,2025-08-10T08:21:25
215,2025-08-10T08:21:31
216,2025-08-10T08:21:37
217,2025-08-10T08:21:43
218,2025-08-10T08:21:50
219,2025-08-10T08:21:56
220,2025-08-10T08:22:01
221,2025-08-10T08:22:08
222,2025-08-10T08:22:14
223,2025-08-10T08:22:20
224,2025-08-10T08:22:26
225,2025-08-10T08:22:32
226,2025-08-10T08:22:38
227,2025-08-10T08:22:45
228,2025-08-10T08:22:51
229,2025-08-10T08:22:57
230,2025-08-10T08:23:03
231,2025-08-10T08:23:09
232,2025-08-10T08:23:15
233,2025-08-10T08:23:21
234,2025-08-10T08:23:27
235,2025-08-10T08:23:34
236,2025-08-10T08:23:39
237,2025-08-10T08:23:46
238,2025-08-10T08:23:52
239,2025-08-10T08:23:58
240,2025-08-10T08:24:04
241,2025-08-10T08:24:10
242,2025-08-10T08:24:17
243,2025-08-10T08:24:23
244,2025-08-10T08:24:29
245,2025-08-10T08:24:34
246,2025-08-10T08:24:40
247,2025-08-10T08:24:46
248,2025-08-10T08:24:52
249,2025-08-10T08:24:58
250,2025-08-10T08:25:04
251,2025-08-10T08:25:10
252,2025-08-10T08:25:17
253,2025-08-10T08:25:23
254,2025-08-10T08:25:29
255,2025-08-10T08:25:36
256,2025-08-10T08:25:42
257,2025-08-10T08:25:48
258,2025-08-10T08:25:54
259,2025-08-10T08:25:59
260,2025-08-10T08:26:06
261,2025-08-10T08:26:11
262,2025-08-10T08:26:18
263,2025-08-10T08:26:24
264,2025-08-10T08:26:30
265,2025-08-10T08:26:36
266,2025-08-10T08:26:42
267,2025-08-10T08:26:47
268,2025-08-10T08:26:53
269,2025-08-10T08:26:59
270,2025-08-10T08:27:04
271,2025-08-10T08:27:10
272,2025-08-10T08:27:16
273,2025-08-10T08:27:22
274,2025-08-10T08:27:28
275,2025-08-10T08:27:33
276,2025-08-10T08:27:40
277,2025-08-10T08:27:46
278,2025-08-10T08:27:52
279,2025-08-10T08:27:58
280,2025-08-10T08:28:04
281,2025-08-10T08:28:10
282,2025-08-10T08:28:16
283,2025-08-10T08:28:21
284,2025-08-10T08:28:28
285,2025-08-10T08:28:34
286,2025-08-10T08:28:40
287,2025-08-10T08:28:46
288,2025-08-10T08:28:52
289,2025-08-10T08:28:58
290,2025-08-10T08:29:04
291,2025-08-10T08:29:09
292,2025-08-10T08:29:15
293,2025-08-10T08:29:21
294,2025-08-10T08:29:27
295,2025-08-10T08:29:33
296,2025-08-10T08:29:39
297,2025-08-10T08:29:45
298,2025-08-10T08:29:51
299,2025-08-10T08:29:56
300,2025-08-10T08:30:02
301,2025-08-10T08:30:08
302,2025-08-10T08:30:14
303,2025-08-10T08:30:21
304,2025-08-10T08:30:26
305,2025-08-10T08:30:33
306,2025-08-10T08:30:39
307,2025-08-10T08:30:45
308,2025-08-10T08:30:52
309,2025-08-10T08:30:58
310,2025-08-10T08:31:04
311,2025-08-10T08:31:10
312,2025-08-10T08:31:16
313,2025-08-10T08:31:22
314,2025-08-10T08:31:28
315,2025-08-10T08:31:34
316,2025-08-10T08:31:40
317,2025-08-10T08:31:45
318,2025-08-10T08:31:51
319,2025-08-10T08:31:57
320,2025-08-10T08:32:03
321,2025-08-10T08:32:09
322,2025-08-10T08:32:15
323,2025-08-10T08:32:21
324,2025-08-10T08:32:27
325,2025-08-10T08:32:33
326,2025-08-10T08:32:38
327,2025-08-10T08:32:45
328,2025-08-10T08:32:51
329,2025-08-10T08:32:57
330,2025-08-10T08:33:03
331,2025-08-10T08:33:09
332,2025-08-10T08:33:15
333,2025-08-10T08:33:21
334,2025-08-10T08:33:26
335,2025-08-10T08:33:33
336,2025-08-10T08:33:38
337,2025-08-10T08:33:44
338,2025-08-10T08:33:50
339,2025-08-10T08:33:56
340,2025-08-10T08:34:02
341,2025-08-10T08:34:08
342,2025-08-10T08:34:14
343,2025-08-10T08:34:20
344,2025-08-10T08:34:26
345,2025-08-10T08:34:32
346,2025-08-10T08:34:39
347,2025-08-10T08:34:45
348,2025-08-10T08:34:50
349,2025-08-10T08:34:56
350,2025-08-10T08:35:02
351,2025-08-10T08:35:08
352,2025-08-10T08:35:14
353,2025-08-10T08:35:20
354,2025-08-10T08:35:26
355,2025-08-10T08:35:32
356,2025-08-10T08:35:39
357,2025-08-10T08:35:44
358,2025-08-10T08:35:50
359,2025-08-10T08:35:57
360,2025-08-10T08:36:02
361,2025-08-10T08:36:08
362,2025-08-10T08:36:14
363,2025-08-10T08:36:20
364,2025-08-10T08:36:26
365,2025-08-10T08:36:33
366,2025-08-10T08:36:38
367,2025-08-10T08:36:44
368,2025-08-10T08:36:50
369,2025-08-10T08:36:56
370,2025-08-10T08:37:03
371,2025-08-10T08:37:09
372,2025-08-10T08:37:15
373,2025-08-10T08:37:21
374,2025-08-10T08:37:27
375,2025-08-10T08:37:34
376,2025-08-10T08:37:40
377,2025-08-10T08:37:46
378,2025-08-10T08:37:52
379,2025-08-10T08:37:58
380,2025-08-10T08:38:04
381,2025-08-10T08:38:09
382,2025-08-10T08:38:15
383,2025-08-10T08:38:21
384,2025-08-10T08:38:27
385,2025-08-10T08:38:33
386,2025-08-10T08:38:40
387,2025-08-10T08:38:45
388,2025-08-10T08:38:52
389,2025-08-10T08:38:58
390,2025-08-10T08:39:04
391,2025-08-10T08:39:10
392,2025-08-10T08:39:17
393,2025-08-10T08:39:23
394,2025-08-10T08:39:29
395,2025-08-10T08:39:34
396,2025-08-10T08:39:40
397,2025-08-10T08:39:46
398,2025-08-10T08:39:52
399,2025-08-10T08:39:58
400,2025-08-10T08:40:04
401,2025-08-10T08:40:10
402,2025-08-10T08:40:16
403,2025-08-10T08:40:22
404,2025-08-10T08:40:28
405,2025-08-10T08:40:34
406,2025-08-10T08:40:40
407,2025-08-10T08:40:46
408,2025-08-10T08:40:52
409,2025-08-10T08:40:58
410,2025-08-10T08:41:04
411,2025-08-10T08:41:09
412,2025-08-10T08:41:15
413,2025-08-10T08:41:21
414,2025-08-10T08:41:27
415,2025-08-10T08:41:33
416,2025-08-10T08:41:40
417,2025-08-10T08:41:45
418,2025-08-10T08:41:51
419,2025-08-10T08:41:57
420,2025-08-10T08:42:03
421,2025-08-10T08:42:09
422,2025-08-10T08:42:15
423,2025-08-10T08:42:21
424,2025-08-10T08:42:27
425,2025-08-10T08:42:33
426,2025-08-10T08:42:39
427,2025-08-10T08:42:44
428,2025-08-10T08:42:51
429,2025-08-10T08:42:56
430,2025-08-10T08:43:02
431,2025-08-10T08:43:08
432,2025-08-10T08:43:15
433,2025-08-10T08:43:21
434,2025-08-10T08:43:27
435,2025-08-10T08:43:32
436,2025-08-10T08:43:38
437,2025-08-10T08:43:43
438,2025-08-10T08:43:50
439,2025-08-10T08:43:56
440,2025-08-10T08:44:02
441,2025-08-10T08:44:08
442,2025-08-10T08:44:14
443,2025-08-10T08:44:20
444,2025-08-10T08:44:25
445,2025-08-10T08:44:32
446,2025-08-10T08:44:38
447,2025-08-10T08:44:43
448,2025-08-10T08:44:50
449,2025-08-10T08:44:56
450,2025-08-10T08:45:01
451,2025-08-10T08:45:08
452,2025-08-10T08:45:13
453,2025-08-10T08:45:19
454,2025-08-10T08:45:24
455,2025-08-10T08:45:30
456,2025-08-10T08:45:36
457,2025-08-10T08:45:42
458,2025-08-10T08:45:48
459,2025-08-10T08:45:55
460,2025-08-10T08:46:01
461,2025-08-10T08:46:07
462,2025-08-10T08:46:13
463,2025-08-10T08:46:19
464,2025-08-10T08:46:25
465,2025-08-10T08:46:31
466,2025-08-10T08:46:37
467,2025-08-10T08:46:43
468,2025-08-10T08:46:49
469,2025-08-10T08:46:54
470,2025-08-10T08:47:00
471,2025-08-10T08:47:06
472,2025-08-10T08:47:12
473,2025-08-10T08:47:18
474,2025-08-10T08:47:24
475,2025-08-10T08:47:30
476,2025-08-10T08:47:35
477,2025-08-10T08:47:41
478,2025-08-10T08:47:47
479,2025-08-10T08:47:53
480,2025-08-10T08:47:59
481,2025-08-10T08:48:05
482,2025-08-10T08:48:10
483,2025-08-10T08:48:17
484,2025-08-10T08:48:23
485,2025-08-10T08:48:29
486,2025-08-10T08:48:35
487,2025-08-10T08:48:41
488,2025-08-10T08:48:47
489,2025-08-10T08:48:53
490,2025-08-10T08:48:59
491,2025-08-10T08:49:05
492,2025-08-10T08:49:11
493,2025-08-10T08:49:17
494,2025-08-10T08:49:22
495,2025-08-10T08:49:28
496,2025-08-10T08:49:34
497,2025-08-10T08:49:41
498,2025-08-10T08:49:47
499,2025-08-10T08:49:52
500,2025-08-10T08:49:59
501,2025-08-10T08:50:05
502,2025-08-10T08:50:10
503,2025-08-10T08:50:16
504,2025-08-10T08:50:23
505,2025-08-10T08:50:29
506,2025-08-10T08:50:35
507,2025-08-10T08:50:42
508,2025-08-10T08:50:48
509,2025-08-10T08:50:54
510,2025-08-10T08:51:00
511,2025-08-10T08:51:05
512,2025-08-10T08:51:11
513,2025-08-10T08:51:17
514,2025-08-10T08:51:23
515,2025-08-10T08:51:29
516,2025-08-10T08:51:35
517,2025-08-10T08:51:41
518,2025-08-10T08:51:47
519,2025-08-10T08:51:52
520,2025-08-10T08:51:58
521,2025-08-10T08:52:05
522,2025-08-10T08:52:11
523,2025-08-10T08:52:17
524,2025-08-10T08:52:23
525,2025-08-10T08:52:29
526,2025-08-10T08:52:35
527,2025-08-10T08:52:41
528,2025-08-10T08:52:46
529,2025-08-10T08:52:52
530,2025-08-10T08:52:58
531,2025-08-10T08:53:05
532,2025-08-10T08:53:11
533,2025-08-10T08:53:17
534,2025-08-10T08:53:23
535,2025-08-10T08:53:29
536,2025-08-10T08:53:36
537,2025-08-10T08:53:42
538,2025-08-10T08:53:47
539,2025-08-10T08:53:53
540,2025-08-10T08:53:59
541,2025-08-10T08:54:06
542,2025-08-10T08:54:11
543,2025-08-10T08:54:17
544,2025-08-10T08:54:23
545,2025-08-10T08:54:29
546,2025-08-10T08:54:35
547,2025-08-10T08:54:41
548,2025-08-10T08:54:47
549,2025-08-10T08:54:53
550,2025-08-10T08:55:00
551,2025-08-10T08:55:06
552,2025-08-10T08:55:12
553,2025-08-10T08:55:18
554,2025-08-10T08:55:24
555,2025-08-10T08:55:30
556,2025-08-10T08:55:36
557,2025-08-10T08:55:42
558,2025-08-10T08:55:48
559,2025-08-10T08:55:54
560,2025-08-10T08:56:00
561,2025-08-10T08:56:05
562,2025-08-10T08:56:12
563,2025-08-10T08:56:18
564,2025-08-10T08:56:24
565,2025-08-10T08:56:30
566,2025-08-10T08:56:36
567,2025-08-10T08:56:42
568,2025-08-10T08:56:48
569,2025-08-10T08:56:54
570,2025-08-10T08:57:00
571,2025-08-10T08:57:06
572,2025-08-10T08:57:12
573,2025-08-10T08:57:18
574,2025-08-10T08:57:24
575,2025-08-10T08:57:31
576,2025-08-10T08:57:36
577,2025-08-10T08:57:42
578,2025-08-10T08:57:49
579,2025-08-10T08:57:55
580,2025-08-10T08:58:01
581,2025-08-10T08:58:07
582,2025-08-10T08:58:13
583,2025-08-10T08:58:20
584,2025-08-10T08:58:26
585,2025-08-10T08:58:32
586,2025-08-10T08:58:38
587,2025-08-10T08:58:44
588,2025-08-10T08:58:50
589,2025-08-10T08:58:57
590,2025-08-10T08:59:02
591,2025-08-10T08:59:08
592,2025-08-10T08:59:14
593,2025-08-10T08:59:21
594,2025-08-10T08:59:27
595,2025-08-10T08:59:33
596,2025-08-10T08:59:39
597,2025-08-10T08:59:45
598,2025-08-10T08:59:51
599,2025-08-10T08:59:57
600,2025-08-10T09:00:03
601,2025-08-10T09:00:09
602,2025-08-10T09:00:15
603,2025-08-10T09:00:21
604,2025-08-10T09:00:27
605,2025-08-10T09:00:32
606,2025-08-10T09:00:38
607,2025-08-10T09:00:44
608,2025-08-10T09:00:50
609,2025-08-10T09:00:55
610,2025-08-10T09:01:02
611,2025-08-10T09:01:08
612,2025-08-10T09:01:14
613,2025-08-10T09:01:20
614,2025-08-10T09:01:26
615,2025-08-10T09:01:33
616,2025-08-10T09:01:39
617,2025-08-10T09:01:44
618,2025-08-10T09:01:50
619,2025-08-10T09:01:56
620,2025-08-10T09:02:02
621,2025-08-10T09:02:08
622,2025-08-10T09:02:14
623,2025-08-10T09:02:20
624,2025-08-10T09:02:26
625,2025-08-10T09:02:32
626,2025-08-10T09:02:38
627,2025-08-10T09:02:44
628,2025-08-10T09:02:50
629,2025-08-10T09:02:55
630,2025-08-10T09:03:01
631,2025-08-10T09:03:07
632,2025-08-10T09:03:13
633,2025-08-10T09:03:18
634,2025-08-10T09:03:25
635,2025-08-10T09:03:31
636,2025-08-10T09:03:37
637,2025-08-10T09:03:43
638,2025-08-10T09:03:49
639,2025-08-10T09:03:55
640,2025-08-10T09:04:01
641,2025-08-10T09:04:07
642,2025-08-10T09:04:13
643,2025-08-10T09:04:19
644,2025-08-10T09:04:24
645,2025-08-10T09:04:30
646,2025-08-10T09:04:36
647,2025-08-10T09:04:42
648,2025-08-10T09:04:48
649,2025-08-10T09:04:54
650,2025-08-10T09:04:59
651,2025-08-10T09:05:06
652,2025-08-10T09:05:12
653,2025-08-10T09:05:18
654,2025-08-10T09:05:24
655,2025-08-10T09:05:30
656,2025-08-10T09:05:36
657,2025-08-10T09:05:42
658,2025-08-10T09:05:48
659,2025-08-10T09:05:54
660,2025-08-10T09:06:00
661,2025-08-10T09:06:05
662,2025-08-10T09:06:11
663,2025-08-10T09:06:17
664,2025-08-10T09:06:23
665,2025-08-10T09:06:29
666,2025-08-10T09:06:35
667,2025-08-10T09:06:41
668,2025-08-10T09:06:48
669,2025-08-10T09:06:53
670,2025-08-10T09:06:59
671,2025-08-10T09:07:05
672,2025-08-10T09:07:11
673,2025-08-10T09:07:17
674,2025-08-10T09:07:23
675,2025-08-10T09:07:29
676,2025-08-10T09:07:34
677,2025-08-10T09:07:41
678,2025-08-10T09:07:47
679,2025-08-10T09:07:52
680,2025-08-10T09:07:59
681,2025-08-10T09:08:05
682,2025-08-10T09:08:11
683,2025-08-10T09:08:17
684,2025-08-10T09:08:23
685,2025-08-10T09:08:29
686,2025-08-10T09:08:35
687,2025-08-10T09:08:41
688,2025-08-10T09:08:47
689,2025-08-10T09:08:53
690,2025-08-10T09:08:59
691,2025-08-10T09:09:05
692,2025-08-10T09:09:11
693,2025-08-10T09:09:17
694,2025-08-10T09:09:24
695,2025-08-10T09:09:29
696,2025-08-10T09:09:35
697,2025-08-10T09:09:41
698,2025-08-10T09:09:47
699,2025-08-10T09:09:53
700,2025-08-10T09:09:59
701,2025-08-10T09:10:05
702,2025-08-10T09:10:11
703,2025-08-10T09:10:17
704,2025-08-10T09:10:23
705,2025-08-10T09:10:28
706,2025-08-10T09:10:34
707,2025-08-10T09:10:41
708,2025-08-10T09:10:46
709,2025-08-10T09:10:53
710,2025-08-10T09:10:59
711,2025-08-10T09:11:05
712,2025-08-10T09:11:10
713,2025-08-10T09:11:16
714,2025-08-10T09:11:23
715,2025-08-10T09:11:29
716,2025-08-10T09:11:34
717,2025-08-10T09:11:41
718,2025-08-10T09:11:47
719,2025-08-10T09:11:53
720,2025-08-10T09:11:59
721,2025-08-10T09:12:05
722,2025-08-10T09:12:12
723,2025-08-10T09:12:18
724,2025-08-10T09:12:24
725,2025-08-10T09:12:30
726,2025-08-10T09:12:36
727,2025-08-10T09:12:42
728,2025-08-10T09:12:48
729,2025-08-10T09:12:54
730,2025-08-10T09:12:59
731,2025-08-10T09:13:05
732,2025-08-10T09:13:11
733,2025-08-10T09:13:17
734,2025-08-10T09:13:23
735,2025-08-10T09:13:29
736,2025-08-10T09:13:35
737,2025-08-10T09:13:41
738,2025-08-10T09:13:47
739,2025-08-10T09:13:54
740,2025-08-10T09:13:59
741,2025-08-10T09:14:06
742,2025-08-10T09:14:12
743,2025-08-10T09:14:18
744,2025-08-10T09:14:23
745,2025-08-10T09:14:29
746,2025-08-10T09:14:35
747,2025-08-10T09:14:40
748,2025-08-10T09:14:47
749,2025-08-10T09:14:53
750,2025-08-10T09:14:59
751,2025-08-10T09:15:05
752,2025-08-10T09:15:11
753,2025-08-10T09:15:16
754,2025-08-10T09:15:22
755,2025-08-10T09:15:29
756,2025-08-10T09:15:35
757,2025-08-10T09:15:41
758,2025-08-10T09:15:47
759,2025-08-10T09:15:53
760,2025-08-10T09:15:59
761,2025-08-10T09:16:04
762,2025-08-10T09:16:11
763,2025-08-10T09:16:17
764,2025-08-10T09:16:23
765,2025-08-10T09:16:29
766,2025-08-10T09:16:35
767,2025-08-10T09:16:41
768,2025-08-10T09:16:46
769,2025-08-10T09:16:52
770,2025-08-10T09:16:58
771,2025-08-10T09:17:04
772,2025-08-10T09:17:10
773,2025-08-10T09:17:16
774,2025-08-10T09:17:22
775,2025-08-10T09:17:27
776,2025-08-10T09:17:33
777,2025-08-10T09:17:39
778,2025-08-10T09:17:45
779,2025-08-10T09:17:50
780,2025-08-10T09:17:56
781,2025-08-10T09:18:02
782,2025-08-10T09:18:08
783,2025-08-10T09:18:14
784,2025-08-10T09:18:21
785,2025-08-10T09:18:27
786,2025-08-10T09:18:32
787,2025-08-10T09:18:38
788,2025-08-10T09:18:44
789,2025-08-10T09:18:50
790,2025-08-10T09:18:57
791,2025-08-10T09:19:03
792,2025-08-10T09:19:09
793,2025-08-10T09:19:15
794,2025-08-10T09:19:22
795,2025-08-10T09:19:28
796,2025-08-10T09:19:33
797,2025-08-10T09:19:39
798,2025-08-10T09:19:45
799,2025-08-10T09:19:51
800,2025-08-10T09:19:56
801,2025-08-10T09:20:02
802,2025-08-10T09:20:09
803,2025-08-10T09:20:15
804,2025-08-10T09:20:21
805,2025-08-10T09:20:26
806,2025-08-10T09:20:32
807,2025-08-10T09:20:38
808,2025-08-10T09:20:44
809,2025-08-10T09:20:50
810,2025-08-10T09:20:57
811,2025-08-10T09:21:02
812,2025-08-10T09:21:08
813,2025-08-10T09:21:14
814,2025-08-10T09:21:20
815,2025-08-10T09:21:26
816,2025-08-10T09:21:33
817,2025-08-10T09:21:38
818,2025-08-10T09:21:44
819,2025-08-10T09:21:50
820,2025-08-10T09:21:56
821,2025-08-10T09:22:02
822,2025-08-10T09:22:08
823,2025-08-10T09:22:13
824,2025-08-10T09:22:19
825,2025-08-10T09:22:25
826,2025-08-10T09:22:31
827,2025-08-10T09:22:37
828,2025-08-10T09:22:42
829,2025-08-10T09:22:48
830,2025-08-10T09:22:54
831,2025-08-10T09:23:00
832,2025-08-10T09:23:06
833,2025-08-10T09:23:12
834,2025-08-10T09:23:17
835,2025-08-10T09:23:23
836,2025-08-10T09:23:29
837,2025-08-10T09:23:35
838,2025-08-10T09:23:41
839,2025-08-10T09:23:47
840,2025-08-10T09:23:53
841,2025-08-10T09:23:59
842,2025-08-10T09:24:05
843,2025-08-10T09:24:11
844,2025-08-10T09:24:17
845,2025-08-10T09:24:23
846,2025-08-10T09:24:30
847,2025-08-10T09:24:36
848,2025-08-10T09:24:41
849,2025-08-10T09:24:47
850,2025-08-10T09:24:53
851,2025-08-10T09:24:59
852,2025-08-10T09:25:05
853,2025-08-10T09:25:11
854,2025-08-10T09:25:17
855,2025-08-10T09:25:23
856,2025-08-10T09:25:29
857,2025-08-10T09:25:35
858,2025-08-10T09:25:41
859,2025-08-10T09:25:46
860,2025-08-10T09:25:52
861,2025-08-10T09:25:58
862,2025-08-10T09:26:03
863,2025-08-10T09:26:09
864,2025-08-10T09:26:15
865,2025-08-10T09:26:21
866,2025-08-10T09:26:27
867,2025-08-10T09:26:32
868,2025-08-10T09:26:39
869,2025-08-10T09:26:45
870,2025-08-10T09:26:50
871,2025-08-10T09:26:56
872,2025-08-10T09:27:02
873,2025-08-10T09:27:08
874,2025-08-10T09:27:14
875,2025-08-10T09:27:20
876,2025-08-10T09:27:26
877,2025-08-10T09:27:32
878,2025-08-10T09:27:37
879,2025-08-10T09:27:43
880,2025-08-10T09:27:49
881,2025-08-10T09:27:55
882,2025-08-10T09:28:01
883,2025-08-10T09:28:08
884,2025-08-10T09:28:13
885,2025-08-10T09:28:19
886,2025-08-10T09:28:25
887,2025-08-10T09:28:31
888,2025-08-10T09:28:38
889,2025-08-10T09:28:44
890,2025-08-10T09:28:49
891,2025-08-10T09:28:55
892,2025-08-10T09:29:01
893,2025-08-10T09:29:08
894,2025-08-10T09:29:14
895,2025-08-10T09:29:20
896,2025-08-10T09:29:26
897,2025-08-10T09:29:32
898,2025-08-10T09:29:38
899,2025-08-10T09:29:44
900,2025-08-10T09:29:50
901,2025-08-10T09:29:56
902,2025-08-10T09:30:02
903,2025-08-10T09:30:08
904,2025-08-10T09:30:13
905,2025-08-10T09:30:20
906,2025-08-10T09:30:25
907,2025-08-10T09:30:31
908,2025-08-10T09:30:37
909,2025-08-10T09:30:43
910,2025-08-10T09:30:49
911,2025-08-10T09:30:55
912,2025-08-10T09:31:01
913,2025-08-10T09:31:07
914,2025-08-10T09:31:12
915,2025-08-10T09:31:18
916,2025-08-10T09:31:24
917,2025-08-10T09:31:30
918,2025-08-10T09:31:36
919,2025-08-10T09:31:41
920,2025-08-10T09:31:47
921,2025-08-10T09:31:53
922,2025-08-10T09:31:59
923,2025-08-10T09:32:05
924,2025-08-10T09:32:11
925,2025-08-10T09:32:17
926,2025-08-10T09:32:23
927,2025-08-10T09:32:29
928,2025-08-10T09:32:35
929,2025-08-10T09:32:42
930,2025-08-10T09:32:48
931,2025-08-10T09:32:54
932,2025-08-10T09:33:00
933,2025-08-10T09:33:06
934,2025-08-10T09:33:13
935,2025-08-10T09:33:19
936,2025-08-10T09:33:25
937,2025-08-10T09:33:31
938,2025-08-10T09:33:37
939,2025-08-10T09:33:43
940,2025-08-10T09:33:48
941,2025-08-10T09:33:54
942,2025-08-10T09:34:00
943,2025-08-10T09:34:06
944,2025-08-10T09:34:11
945,2025-08-10T09:34:17
946,2025-08-10T09:34:23
947,2025-08-10T09:34:30
948,2025-08-10T09:34:36
949,2025-08-10T09:34:42
950,2025-08-10T09:34:48
951,2025-08-10T09:34:54
952,2025-08-10T09:35:00
953,2025-08-10T09:35:06
954,2025-08-10T09:35:12
955,2025-08-10T09:35:18
956,2025-08-10T09:35:24
957,2025-08-10T09:35:30
958,2025-08-10T09:35:37
959,2025-08-10T09:35:43
960,2025-08-10T09:35:49
961,2025-08-10T09:35:55
962,2025-08-10T09:36:01
963,2025-08-10T09:36:07
964,2025-08-10T09:36:14
965,2025-08-10T09:36:19
966,2025-08-10T09:36:26
967,2025-08-10T09:36:31
968,2025-08-10T09:36:37
969,2025-08-10T09:36:44
970,2025-08-10T09:36:50
971,2025-08-10T09:36:56
972,2025-08-10T09:37:02
973,2025-08-10T09:37:08
974,2025-08-10T09:37:14
975,2025-08-10T09:37:20
976,2025-08-10T09:37:26
977,2025-08-10T09:37:32
978,2025-08-10T09:37:38
979,2025-08-10T09:37:44
980,2025-08-10T09:37:50
981,2025-08-10T09:37:56
982,2025-08-10T09:38:01
983,2025-08-10T09:38:08
984,2025-08-10T09:38:14
985,2025-08-10T09:38:20
986,2025-08-10T09:38:26
987,2025-08-10T09:38:32
988,2025-08-10T09:38:39
989,2025-08-10T09:38:45
990,2025-08-10T09:38:51
991,2025-08-10T09:38:57
992,2025-08-10T09:39:03
993,2025-08-10T09:39:09
994,2025-08-10T09:39:15
995,2025-08-10T09:39:21
996,2025-08-10T09:39:27
997,2025-08-10T09:39:33
998,2025-08-10T09:39:39
999,2025-08-10T09:39:45
1000,2025-08-10T09:39:51
1001,2025-08-10T09:39:57
1002,2025-08-10T09:40:03
1003,2025-08-10T09:40:09
1004,2025-08-10T09:40:15
1005,2025-08-10T09:40:21
1006,2025-08-10T09:40:27
1007,2025-08-10T09:40:33
1008,2025-08-10T09:40:39
1009,2025-08-10T09:40:45
1010,2025-08-10T09:40:50
1011,2025-08-10T09:40:56
1012,2025-08-10T09:41:02
1013,2025-08-10T09:41:08
1014,2025-08-10T09:41:15
1015,2025-08-10T09:41:21
1016,2025-08-10T09:41:27
1017,2025-08-10T09:41:33
1018,2025-08-10T09:41:39
1019,2025-08-10T09:41:45
1020,2025-08-10T09:41:50
1021,2025-08-10T09:41:57
1022,2025-08-10T09:42:02
1023,2025-08-10T09:42:08
1024,2025-08-10T09:42:14
1025,2025-08-10T09:42:20
1026,2025-08-10T09:42:25
1027,2025-08-10T09:42:32
1028,2025-08-10T09:42:38
1029,2025-08-10T09:42:43
1030,2025-08-10T09:42:50
1031,2025-08-10T09:42:56
1032,2025-08-10T09:43:02
1033,2025-08-10T09:43:07
1034,2025-08-10T09:43:14
1035,2025-08-10T09:43:20
1036,2025-08-10T09:43:26
1037,2025-08-10T09:43:32
1038,2025-08-10T09:43:38
1039,2025-08-10T09:43:44
1040,2025-08-10T09:43:50
1041,2025-08-10T09:43:57
1042,2025-08-10T09:44:03
1043,2025-08-10T09:44:09
1044,2025-08-10T09:44:15
1045,2025-08-10T09:44:21
1046,2025-08-10T09:44:27
1047,2025-08-10T09:44:33
1048,2025-08-10T09:44:39
1049,2025-08-10T09:44:44
1050,2025-08-10T09:44:50
1051,2025-08-10T09:44:56
1052,2025-08-10T09:45:02
1053,2025-08-10T09:45:07
1054,2025-08-10T09:45:14
1055,2025-08-10T09:45:20
1056,2025-08-10T09:45:26
1057,2025-08-10T09:45:31
1058,2025-08-10T09:45:37
1059,2025-08-10T09:45:44
1060,2025-08-10T09:45:49
1061,2025-08-10T09:45:55
1062,2025-08-10T09:46:01
1063,2025-08-10T09:46:07
1064,2025-08-10T09:46:13
1065,2025-08-10T09:46:19
1066,2025-08-10T09:46:25
1067,2025-08-10T09:46:31
1068,2025-08-10T09:46:38
1069,2025-08-10T09:46:44
1070,2025-08-10T09:46:50
1071,2025-08-10T09:46:56
1072,2025-08-10T09:47:03
1073,2025-08-10T09:47:09
1074,2025-08-10T09:47:14
1075,2025-08-10T09:47:20
1076,2025-08-10T09:47:26
1077,2025-08-10T09:47:32
1078,2025-08-10T09:47:38
1079,2025-08-10T09:47:44
1080,2025-08-10T09:47:50
1081,2025-08-10T09:47:56
1082,2025-08-10T09:48:01
1083,2025-08-10T09:48:08
1084,2025-08-10T09:48:14
1085,2025-08-10T09:48:20
1086,2025-08-10T09:48:26
1087,2025-08-10T09:48:32
1088,2025-08-10T09:48:39
1089,2025-08-10T09:48:45
1090,2025-08-10T09:48:51
1091,2025-08-10T09:48:57
1092,2025-08-10T09:49:03
1093,2025-08-10T09:49:09
1094,2025-08-10T09:49:15
1095,2025-08-10T09:49:21
1096,2025-08-10T09:49:27
1097,2025-08-10T09:49:33
1098,2025-08-10T09:49:39
1099,2025-08-10T09:49:45
1100,2025-08-10T09:49:51
1101,2025-08-10T09:49:56
1102,2025-08-10T09:50:03
1103,2025-08-10T09:50:09
1104,2025-08-10T09:50:15
1105,2025-08-10T09:50:21
1106,2025-08-10T09:50:27
1107,2025-08-10T09:50:33
1108,2025-08-10T09:50:40
1109,2025-08-10T09:50:46
1110,2025-08-10T09:50:52
1111,2025-08-10T09:50:58
1112,2025-08-10T09:51:04
1113,2025-08-10T09:51:09
1114,2025-08-10T09:51:15
1115,2025-08-10T09:51:21
1116,2025-08-10T09:51:27
1117,2025-08-10T09:51:33
1118,2025-08-10T09:51:38
1119,2025-08-10T09:51:45
1120,2025-08-10T09:51:51
1121,2025-08-10T09:51:56
1122,2025-08-10T09:52:02
1123,2025-08-10T09:52:09
1124,2025-08-10T09:52:15
1125,2025-08-10T09:52:21
1126,2025-08-10T09:52:28
1127,2025-08-10T09:52:34
1128,2025-08-10T09:52:39
1129,2025-08-10T09:52:46
1130,2025-08-10T09:52:52
1131,2025-08-10T09:52:59
1132,2025-08-10T09:53:05
1133,2025-08-10T09:53:11
1134,2025-08-10T09:53:17
1135,2025-08-10T09:53:24
1136,2025-08-10T09:53:29
1137,2025-08-10T09:53:35
1138,2025-08-10T09:53:41
1139,2025-08-10T09:53:47
1140,2025-08-10T09:53:53
1141,2025-08-10T09:53:59
1142,2025-08-10T09:54:05
1143,2025-08-10T09:54:12
1144,2025-08-10T09:54:17
1145,2025-08-10T09:54:24
1146,2025-08-10T09:54:30
1147,2025-08-10T09:54:36
1148,2025-08-10T09:54:42
1149,2025-08-10T09:54:48
1150,2025-08-10T09:54:54
1151,2025-08-10T09:55:00
1152,2025-08-10T09:55:06
1153,2025-08-10T09:55:12
1154,2025-08-10T09:55:18
1155,2025-08-10T09:55:24
1156,2025-08-10T09:55:30
1157,2025-08-10T09:55:37
1158,2025-08-10T09:55:43
1159,2025-08-10T09:55:49
1160,2025-08-10T09:55:56
1161,2025-08-10T09:56:01
1162,2025-08-10T09:56:07
1163,2025-08-10T09:56:12
1164,2025-08-10T09:56:19
1165,2025-08-10T09:56:25
1166,2025-08-10T09:56:31
1167,2025-08-10T09:56:37
1168,2025-08-10T09:56:43
1169,2025-08-10T09:56:49
1170,2025-08-10T09:56:55
1171,2025-08-10T09:57:01
1172,2025-08-10T09:57:07
1173,2025-08-10T09:57:13
1174,2025-08-10T09:57:19
1175,2025-08-10T09:57:25
1176,2025-08-10T09:57:31
1177,2025-08-10T09:57:37
1178,2025-08-10T09:57:43
1179,2025-08-10T09:57:48
1180,2025-08-10T09:57:54
1181,2025-08-10T09:58:00
1182,2025-08-10T09:58:06
1183,2025-08-10T09:58:11
1184,2025-08-10T09:58:18
1185,2025-08-10T09:58:24
1186,2025-08-10T09:58:30
1187,2025-08-10T09:58:36
1188,2025-08-10T09:58:42
1189,2025-08-10T09:58:48
1190,2025-08-10T09:58:54
1191,2025-08-10T09:59:00
1192,2025-08-10T09:59:06
1193,2025-08-10T09:59:13
1194,2025-08-10T09:59:19
1195,2025-08-10T09:59:25
1196,2025-08-10T09:59:30
1197,2025-08-10T09:59:37
1198,2025-08-10T09:59:42
1199,2025-08-10T09:59:49
1200,2025-08-10T09:59:54
1201,2025-08-10T10:00:00
1202,2025-08-10T10:00:06
1203,2025-08-10T10:00:12
1204,2025-08-10T10:00:18
1205,2025-08-10T10:00:23
1206,2025-08-10T10:00:29
1207,2025-08-10T10:00:36
1208,2025-08-10T10:00:42
1209,2025-08-10T10:00:47
1210,2025-08-10T10:00:53
1211,2025-08-10T10:00:58
1212,2025-08-10T10:01:04
1213,2025-08-10T10:01:10
1214,2025-08-10T10:01:15
1215,2025-08-10T10:01:21
1216,2025-08-10T10:01:28
1217,2025-08-10T10:01:33
1218,2025-08-10T10:01:40
1219,2025-08-10T10:01:46
1220,2025-08-10T10:01:53
1221,2025-08-10T10:01:58
1222,2025-08-10T10:02:04
1223,2025-08-10T10:02:10
1224,2025-08-10T10:02:16
1225,2025-08-10T10:02:22
1226,2025-08-10T10:02:28
1227,2025-08-10T10:02:34
1228,2025-08-10T10:02:41
1229,2025-08-10T10:02:47
1230,2025-08-10T10:02:54
1231,2025-08-10T10:03:00
1232,2025-08-10T10:03:05
1233,2025-08-10T10:03:11
1234,2025-08-10T10:03:17
1235,2025-08-10T10:03:23
1236,2025-08-10T10:03:30
1237,2025-08-10T10:03:36
1238,2025-08-10T10:03:42
1239,2025-08-10T10:03:47
1240,2025-08-10T10:03:54
1241,2025-08-10T10:04:00
1242,2025-08-10T10:04:06
1243,2025-08-10T10:04:11
1244,2025-08-10T10:04:17
1245,2025-08-10T10:04:23
1246,2025-08-10T10:04:29
1247,2025-08-10T10:04:35
1248,2025-08-10T10:04:41
1249,2025-08-10T10:04:47
1250,2025-08-10T10:04:53
1251,2025-08-10T10:04:59
1252,2025-08-10T10:05:05
1253,2025-08-10T10:05:11
1254,2025-08-10T10:05:18
1255,2025-08-10T10:05:24
1256,2025-08-10T10:05:30
1257,2025-08-10T10:05:37
1258,2025-08-10T10:05:43
1259,2025-08-10T10:05:48
1260,2025-08-10T10:05:55
1261,2025-08-10T10:06:00
1262,2025-08-10T10:06:06
1263,2025-08-10T10:06:13
1264,2025-08-10T10:06:19
1265,2025-08-10T10:06:24
1266,2025-08-10T10:06:31
1267,2025-08-10T10:06:37
1268,2025-08-10T10:06:43
1269,2025-08-10T10:06:49
1270,2025-08-10T10:06:55
1271,2025-08-10T10:07:02
1272,2025-08-10T10:07:07
1273,2025-08-10T10:07:14
1274,2025-08-10T10:07:19
1275,2025-08-10T10:07:25
1276,2025-08-10T10:07:31
1277,2025-08-10T10:07:37
1278,2025-08-10T10:07:43
1279,2025-08-10T10:07:49
1280,2025-08-10T10:07:55
1281,2025-08-10T10:08:01
1282,2025-08-10T10:08:07
1283,2025-08-10T10:08:13
1284,2025-08-10T10:08:18
1285,2025-08-10T10:08:24
1286,2025-08-10T10:08:31
1287,2025-08-10T10:08:36
1288,2025-08-10T10:08:42
1289,2025-08-10T10:08:48
1290,2025-08-10T10:08:53
1291,2025-08-10T10:09:00
1292,2025-08-10T10:09:06
1293,2025-08-10T10:09:11
1294,2025-08-10T10:09:17
1295,2025-08-10T10:09:23
1296,2025-08-10T10:09:29
1297,2025-08-10T10:09:35
1298,2025-08-10T10:09:42
1299,2025-08-10T10:09:48
1300,2025-08-10T10:09:54
1301,2025-08-10T10:10:00
1302,2025-08-10T10:10:06
1303,2025-08-10T10:10:12
1304,2025-08-10T10:10:18
1305,2025-08-10T10:10:24
1306,2025-08-10T10:10:30
1307,2025-08-10T10:10:36
1308,2025-08-10T10:10:41
1309,2025-08-10T10:10:47
1310,2025-08-10T10:10:53
1311,2025-08-10T10:10:59
1312,2025-08-10T10:11:04
1313,2025-08-10T10:11:11
1314,2025-08-10T10:11:17
1315,2025-08-10T10:11:23
1316,2025-08-10T10:11:29
1317,2025-08-10T10:11:36
1318,2025-08-10T10:11:42
1319,2025-08-10T10:11:47
1320,2025-08-10T10:11:54
1321,2025-08-10T10:11:59
1322,2025-08-10T10:12:05
1323,2025-08-10T10:12:11
1324,2025-08-10T10:12:17
1325,2025-08-10T10:12:23
1326,2025-08-10T10:12:29
1327,2025-08-10T10:12:35
1328,2025-08-10T10:12:41
1329,2025-08-10T10:12:47
1330,2025-08-10T10:12:53
1331,2025-08-10T10:13:00
1332,2025-08-10T10:13:06
1333,2025-08-10T10:13:12
1334,2025-08-10T10:13:18
1335,2025-08-10T10:13:24
1336,2025-08-10T10:13:30
1337,2025-08-10T10:13:36
1338,2025-08-10T10:13:41
1339,2025-08-10T10:13:47
1340,2025-08-10T10:13:53
1341,2025-08-10T10:13:59
1342,2025-08-10T10:14:05
1343,2025-08-10T10:14:11
1344,2025-08-10T10:14:17
1345,2025-08-10T10:14:23
1346,2025-08-10T10:14:29
1347,2025-08-10T10:14:35
1348,2025-08-10T10:14:41
1349,2025-08-10T10:14:47
1350,2025-08-10T10:14:53
1351,2025-08-10T10:14:59
1352,2025-08-10T10:15:06
1353,2025-08-10T10:15:12
1354,2025-08-10T10:15:18
1355,2025-08-10T10:15:24
1356,2025-08-10T10:15:30
1357,2025-08-10T10:15:36
1358,2025-08-10T10:15:41
1359,2025-08-10T10:15:47
1360,2025-08-10T10:15:53
1361,2025-08-10T10:15:59
1362,2025-08-10T10:16:05
1363,2025-08-10T10:16:11
1364,2025-08-10T10:16:17
1365,2025-08-10T10:16:23
1366,2025-08-10T10:16:29
1367,2025-08-10T10:16:35
1368,2025-08-10T10:16:41
1369,2025-08-10T10:16:47
1370,2025-08-10T10:16:53
1371,2025-08-10T10:17:00
1372,2025-08-10T10:17:06
1373,2025-08-10T10:17:12
1374,2025-08-10T10:17:19
1375,2025-08-10T10:17:25
1376,2025-08-10T10:17:31
1377,2025-08-10T10:17:37
1378,2025-08-10T10:17:42
1379,2025-08-10T10:17:48
1380,2025-08-10T10:17:55
1381,2025-08-10T10:18:01
1382,2025-08-10T10:18:07
1383,2025-08-10T10:18:13
1384,2025-08-10T10:18:20
1385,2025-08-10T10:18:26
1386,2025-08-10T10:18:32
1387,2025-08-10T10:18:38
1388,2025-08-10T10:18:44
1389,2025-08-10T10:18:51
1390,2025-08-10T10:18:57
1391,2025-08-10T10:19:03
1392,2025-08-10T10:19:08
1393,2025-08-10T10:19:14
1394,2025-08-10T10:19:20
1395,2025-08-10T10:19:26
1396,2025-08-10T10:19:32
1397,2025-08-10T10:19:38
1398,2025-08-10T10:19:44
1399,2025-08-10T10:19:50
1400,2025-08-10T10:19:56
1401,2025-08-10T10:20:02
1402,2025-08-10T10:20:08
1403,2025-08-10T10:20:14
1404,2025-08-10T10:20:20
1405,2025-08-10T10:20:26
1406,2025-08-10T10:20:31
1407,2025-08-10T10:20:37
1408,2025-08-10T10:20:43
1409,2025-08-10T10:20:49
1410,2025-08-10T10:20:55
1411,2025-08-10T10:21:01
1412,2025-08-10T10:21:07
1413,2025-08-10T10:21:14
1414,2025-08-10T10:21:20
1415,2025-08-10T10:21:26
1416,2025-08-10T10:21:32
1417,2025-08-10T10:21:38
1418,2025-08-10T10:21:44
1419,2025-08-10T10:21:50
1420,2025-08-10T10:21:56
1421,2025-08-10T10:22:02
1422,2025-08-10T10:22:08
1423,2025-08-10T10:22:14
1424,2025-08-10T10:22:19
1425,2025-08-10T10:22:26
1426,2025-08-10T10:22:31
1427,2025-08-10T10:22:38
1428,2025-08-10T10:22:44
1429,2025-08-10T10:22:50
1430,2025-08-10T10:22:56
1431,2025-08-10T10:23:01
1432,2025-08-10T10:23:07
1433,2025-08-10T10:23:13
1434,2025-08-10T10:23:20
1435,2025-08-10T10:23:26
1436,2025-08-10T10:23:32
1437,2025-08-10T10:23:38
1438,2025-08-10T10:23:44
1439,2025-08-10T10:23:50
1440,2025-08-10T10:23:56
1441,2025-08-10T10:24:02
1442,2025-08-10T10:24:08
1443,2025-08-10T10:24:14
1444,2025-08-10T10:24:20
1445,2025-08-10T10:24:26
1446,2025-08-10T10:24:31
1447,2025-08-10T10:24:37
1448,2025-08-10T10:24:43
1449,2025-08-10T10:24:50
1450,2025-08-10T10:24:56
1451,2025-08-10T10:25:02
1452,2025-08-10T10:25:08
1453,2025-08-10T10:25:15
1454,2025-08-10T10:25:20
1455,2025-08-10T10:25:26
1456,2025-08-10T10:25:32
1457,2025-08-10T10:25:38
1458,2025-08-10T10:25:43
1459,2025-08-10T10:25:49
1460,2025-08-10T10:25:55
1461,2025-08-10T10:26:00
1462,2025-08-10T10:26:07
1463,2025-08-10T10:26:13
1464,2025-08-10T10:26:18
1465,2025-08-10T10:26:25
1466,2025-08-10T10:26:31
1467,2025-08-10T10:26:37
1468,2025-08-10T10:26:43
1469,2025-08-10T10:26:48
1470,2025-08-10T10:26:55
1471,2025-08-10T10:27:01
1472,2025-08-10T10:27:07
1473,2025-08-10T10:27:12
1474,2025-08-10T10:27:19
1475,2025-08-10T10:27:25
1476,2025-08-10T10:27:31
1477,2025-08-10T10:27:36
1478,2025-08-10T10:27:42
1479,2025-08-10T10:27:48
1480,2025-08-10T10:27:54
1481,2025-08-10T10:28:00
1482,2025-08-10T10:28:05
1483,2025-08-10T10:28:12
1484,2025-08-10T10:28:18
1485,2025-08-10T10:28:24
1486,2025-08-10T10:28:30
1487,2025-08-10T10:28:36
1488,2025-08-10T10:28:42
1489,2025-08-10T10:28:48
1490,2025-08-10T10:28:54
1491,2025-08-10T10:29:00
1492,2025-08-10T10:29:06
1493,2025-08-10T10:29:12
1494,2025-08-10T10:29:18
1495,2025-08-10T10:29:24
1496,2025-08-10T10:29:30
1497,2025-08-10T10:29:37
1498,2025-08-10T10:29:43
1499,2025-08-10T10:29:49
1500,2025-08-10T10:29:55
1501,2025-08-10T10:30:01
1502,2025-08-10T10:30:07
1503,2025-08-10T10:30:13
1504,2025-08-10T10:30:19
1505,2025-08-10T10:30:25
1506,2025-08-10T10:30:31
1507,2025-08-10T10:30:37
1508,2025-08-10T10:30:43
1509,2025-08-10T10:30:49
1510,2025-08-10T10:30:55
1511,2025-08-10T10:31:01
1512,2025-08-10T10:31:07
1513,2025-08-10T10:31:13
1514,2025-08-10T10:31:18
1515,2025-08-10T10:31:24
1516,2025-08-10T10:31:30
1517,2025-08-10T10:31:37
1518,2025-08-10T10:31:43
1519,2025-08-10T10:31:49
1520,2025-08-10T10:31:56
1521,2025-08-10T10:32:02
1522,2025-08-10T10:32:07
1523,2025-08-10T10:32:13
1524,2025-08-10T10:32:20
1525,2025-08-10T10:32:26
1526,2025-08-10T10:32:32
1527,2025-08-10T10:32:38
1528,2025-08-10T10:32:43
1529,2025-08-10T10:32:49
1530,2025-08-10T10:32:55
1531,2025-08-10T10:33:02
1532,2025-08-10T10:33:08
1533,2025-08-10T10:33:14
1534,2025-08-10T10:33:19
1535,2025-08-10T10:33:25
1536,2025-08-10T10:33:31
1537,2025-08-10T10:33:37
1538,2025-08-10T10:33:43
1539,2025-08-10T10:33:50
1540,2025-08-10T10:33:56
1541,2025-08-10T10:34:02
1542,2025-08-10T10:34:08
1543,2025-08-10T10:34:14
1544,2025-08-10T10:34:20
1545,2025-08-10T10:34:26
1546,2025-08-10T10:34:32
1547,2025-08-10T10:34:38
1548,2025-08-10T10:34:44
1549,2025-08-10T10:34:50
1550,2025-08-10T10:34:56
1551,2025-08-10T10:35:02
1552,2025-08-10T10:35:08
1553,2025-08-10T10:35:14
1554,2025-08-10T10:35:20
1555,2025-08-10T10:35:26
1556,2025-08-10T10:35:32
1557,2025-08-10T10:35:38
1558,2025-08-10T10:35:44
1559,2025-08-10T10:35:50
1560,2025-08-10T10:35:55
1561,2025-08-10T10:36:01
1562,2025-08-10T10:36:08
1563,2025-08-10T10:36:14
1564,2025-08-10T10:36:19
1565,2025-08-10T10:36:25
1566,2025-08-10T10:36:31
1567,2025-08-10T10:36:37
1568,2025-08-10T10:36:44
1569,2025-08-10T10:36:50
1570,2025-08-10T10:36:56
1571,2025-08-10T10:37:01
1572,2025-08-10T10:37:08
1573,2025-08-10T10:37:14
1574,2025-08-10T10:37:20
1575,2025-08-10T10:37:26
1576,2025-08-10T10:37:32
1577,2025-08-10T10:37:38
1578,2025-08-10T10:37:44
1579,2025-08-10T10:37:50
1580,2025-08-10T10:37:56
1581,2025-08-10T10:38:02
1582,2025-08-10T10:38:08
1583,2025-08-10T10:38:15
1584,2025-08-10T10:38:20
1585,2025-08-10T10:38:26
1586,2025-08-10T10:38:32
1587,2025-08-10T10:38:38
1588,2025-08-10T10:38:44
1589,2025-08-10T10:38:50
1590,2025-08-10T10:38:56
1591,2025-08-10T10:39:02
1592,2025-08-10T10:39:08
1593,2025-08-10T10:39:13
1594,2025-08-10T10:39:19
1595,2025-08-10T10:39:25
1596,2025-08-10T10:39:31
1597,2025-08-10T10:39:37
1598,2025-08-10T10:39:44
1599,2025-08-10T10:39:50
1600,2025-08-10T10:39:56
1601,2025-08-10T10:40:03
1602,2025-08-10T10:40:08
1603,2025-08-10T10:40:15
1604,2025-08-10T10:40:21
1605,2025-08-10T10:40:27
1606,2025-08-10T10:40:34
1607,2025-08-10T10:40:39
1608,2025-08-10T10:40:45
1609,2025-08-10T10:40:51
1610,2025-08-10T10:40:57
1611,2025-08-10T10:41:03
1612,2025-08-10T10:41:09
1613,2025-08-10T10:41:15
1614,2025-08-10T10:41:21
1615,2025-08-10T10:41:28
1616,2025-08-10T10:41:33
1617,2025-08-10T10:41:40
1618,2025-08-10T10:41:46
1619,2025-08-10T10:41:52
1620,2025-08-10T10:41:58
1621,2025-08-10T10:42:04
1622,2025-08-10T10:42:10
1623,2025-08-10T10:42:15
1624,2025-08-10T10:42:22
1625,2025-08-10T10:42:28
1626,2025-08-10T10:42:34
1627,2025-08-10T10:42:40
1628,2025-08-10T10:42:46
1629,2025-08-10T10:42:52
1630,2025-08-10T10:42:59
1631,2025-08-10T10:43:04
1632,2025-08-10T10:43:10
1633,2025-08-10T10:43:16
1634,2025-08-10T10:43:22
1635,2025-08-10T10:43:28
1636,2025-08-10T10:43:33
1637,2025-08-10T10:43:39
1638,2025-08-10T10:43:45
1639,2025-08-10T10:43:51
1640,2025-08-10T10:43:57
1641,2025-08-10T10:44:03
1642,2025-08-10T10:44:10
1643,2025-08-10T10:44:15
1644,2025-08-10T10:44:22
1645,2025-08-10T10:44:27
1646,2025-08-10T10:44:33
1647,2025-08-10T10:44:39
1648,2025-08-10T10:44:45
1649,2025-08-10T10:44:51
1650,2025-08-10T10:44:58
1651,2025-08-10T10:45:04
1652,2025-08-10T10:45:09
1653,2025-08-10T10:45:15
1654,2025-08-10T10:45:21
1655,2025-08-10T10:45:28
1656,2025-08-10T10:45:34
1657,2025-08-10T10:45:40
1658,2025-08-10T10:45:46
1659,2025-08-10T10:45:52
1660,2025-08-10T10:45:57
1661,2025-08-10T10:46:03
1662,2025-08-10T10:46:09
1663,2025-08-10T10:46:16
1664,2025-08-10T10:46:22
1665,2025-08-10T10:46:28
1666,2025-08-10T10:46:34
1667,2025-08-10T10:46:40
1668,2025-08-10T10:46:45
1669,2025-08-10T10:46:51
1670,2025-08-10T10:46:57
1671,2025-08-10T10:47:03
1672,2025-08-10T10:47:09
1673,2025-08-10T10:47:15
1674,2025-08-10T10:47:21
1675,2025-08-10T10:47:27
1676,2025-08-10T10:47:33
1677,2025-08-10T10:47:40
1678,2025-08-10T10:47:46
1679,2025-08-10T10:47:52
1680,2025-08-10T10:47:58
1681,2025-08-10T10:48:05
1682,2025-08-10T10:48:11
1683,2025-08-10T10:48:17
1684,2025-08-10T10:48:23
1685,2025-08-10T10:48:29
1686,2025-08-10T10:48:35
1687,2025-08-10T10:48:41
1688,2025-08-10T10:48:48
1689,2025-08-10T10:48:54
1690,2025-08-10T10:48:59
1691,2025-08-10T10:49:06
1692,2025-08-10T10:49:12
1693,2025-08-10T10:49:18
1694,2025-08-10T10:49:23
1695,2025-08-10T10:49:29
1696,2025-08-10T10:49:35
1697,2025-08-10T10:49:41
1698,2025-08-10T10:49:47
1699,2025-08-10T10:49:53
1700,2025-08-10T10:49:59
1701,2025-08-10T10:50:05
1702,2025-08-10T10:50:11
1703,2025-08-10T10:50:17
1704,2025-08-10T10:50:23
1705,2025-08-10T10:50:28
1706,2025-08-10T10:50:34
1707,2025-08-10T10:50:40
1708,2025-08-10T10:50:46
1709,2025-08-10T10:50:52
1710,2025-08-10T10:50:58
1711,2025-08-10T10:51:04
1712,2025-08-10T10:51:10
1713,2025-08-10T10:51:17
1714,2025-08-10T10:51:22
1715,2025-08-10T10:51:28
1716,2025-08-10T10:51:34
1717,2025-08-10T10:51:40
1718,2025-08-10T10:51:46
1719,2025-08-10T10:51:51
1720,2025-08-10T10:51:58
1721,2025-08-10T10:52:04
1722,2025-08-10T10:52:10
1723,2025-08-10T10:52:16
1724,2025-08-10T10:52:21
1725,2025-08-10T10:52:28
1726,2025-08-10T10:52:34
1727,2025-08-10T10:52:39
1728,2025-08-10T10:52:45
1729,2025-08-10T10:52:52
1730,2025-08-10T10:52:58
1731,2025-08-10T10:53:05
1732,2025-08-10T10:53:11
1733,2025-08-10T10:53:17
1734,2025-08-10T10:53:23
1735,2025-08-10T10:53:29
1736,2025-08-10T10:53:34
1737,2025-08-10T10:53:41
1738,2025-08-10T10:53:47
1739,2025-08-10T10:53:52
1740,2025-08-10T10:53:58
1741,2025-08-10T10:54:05
1742,2025-08-10T10:54:11
1743,2025-08-10T10:54:17
1744,2025-08-10T10:54:23
1745,2025-08-10T10:54:30
1746,2025-08-10T10:54:35
1747,2025-08-10T10:54:41
1748,2025-08-10T10:54:47
1749,2025-08-10T10:54:54
1750,2025-08-10T10:55:00
1751,2025-08-10T10:55:05
1752,2025-08-10T10:55:11
1753,2025-08-10T10:55:18
1754,2025-08-10T10:55:24
1755,2025-08-10T10:55:30
1756,2025-08-10T10:55:36
1757,2025-08-10T10:55:42
1758,2025-08-10T10:55:48
1759,2025-08-10T10:55:54
1760,2025-08-10T10:56:00
1761,2025-08-10T10:56:07
1762,2025-08-10T10:56:12
1763,2025-08-10T10:56:19
1764,2025-08-10T10:56:25
1765,2025-08-10T10:56:31
1766,2025-08-10T10:56:37
1767,2025-08-10T10:56:42
1768,2025-08-10T10:56:48
1769,2025-08-10T10:56:54
1770,2025-08-10T10:56:59
1771,2025-08-10T10:57:05
1772,2025-08-10T10:57:11
1773,2025-08-10T10:57:17
1774,2025-08-10T10:57:22
1775,2025-08-10T10:57:28
1776,2025-08-10T10:57:35
1777,2025-08-10T10:57:41
1778,2025-08-10T10:57:47
1779,2025-08-10T10:57:53
1780,2025-08-10T10:58:00
1781,2025-08-10T10:58:06
1782,2025-08-10T10:58:12
1783,2025-08-10T10:58:17
1784,2025-08-10T10:58:23
1785,2025-08-10T10:58:29
1786,2025-08-10T10:58:35
1787,2025-08-10T10:58:41
1788,2025-08-10T10:58:47
1789,2025-08-10T10:58:53
1790,2025-08-10T10:58:59
1791,2025-08-10T10:59:05
1792,2025-08-10T10:59:11
1793,2025-08-10T10:59:17
1794,2025-08-10T10:59:23
1795,2025-08-10T10:59:29
1796,2025-08-10T10:59:35
1797,2025-08-10T10:59:41
1798,2025-08-10T10:59:47
1799,2025-08-10T10:59:53
1800,2025-08-10T10:59:59
1801,2025-08-10T11:00:05
